Sla.C14;Kma.C14;Krz.C14;Rys.C14;Msc.C14;Cmi.C14;Gwr.C14;Gws.C14;Haw.C14;Sja.C14;Orn.C14;Nos.C14;Swi.C14;Kam.C14
summit;2452;1704;2122;2503;2410;2096;1823;1894;2152;2210;1867;1206;2061;2126
Abies alba;0;0;0;0;0;0;0;0;0;0;0;1206;0;0
Acer pseudoplatanus;0;0;0;0;0;0;0;0;0;0;0;1206;0;0
Achillea millefolium;0;0;0;0;0;2096;0;0;0;0;0;0;2061;0
Achillea millefolium subsp. sudetica;0;0;2116;0;0;0;0;0;0;0;0;0;0;0
Aconitum napellus subsp. firmum;2315;0;2122;1765;2233;0;1823;1894;0;0;0;0;2061;0
Adenostyles alliariae;0;0;2122;1990;2410;2096;1823;0;0;0;1867;0;0;0
Agrostis alpina;2200;0;0;0;0;2096;0;0;0;0;0;0;0;2126
Agrostis capillaris;0;0;0;0;0;0;0;0;0;0;0;1206;0;0
Agrostis rupestris;2288;1704;2122;2500;2410;0;1823;1825;0;0;1867;0;2061;0
Allium senescens;0;0;0;0;0;0;0;0;0;0;0;1206;0;0
Allium sibiricum;0;0;0;0;0;0;0;0;0;0;0;0;0;0
Alnus incana;0;0;0;0;0;0;0;0;0;0;0;1206;0;0
Androsace chamaejasme;2360;1704;0;0;0;2096;1823;1825;2152;0;0;0;2061;0
Androsace lactea;0;1704;0;0;0;0;1823;1825;2152;0;0;0;2061;0
Androsace obtusifolia;0;0;2122;0;2410;0;0;0;0;0;0;0;2061;0
Anemone narcissifolia;2164;1704;2122;2053;2410;2096;1823;0;0;2210;0;0;2061;0
Angelica archangelica subsp. archangelica;0;0;0;0;0;0;1823;1825;0;0;0;0;0;0
Angelica sylvestris;0;0;0;0;0;0;0;0;0;0;0;1206;0;0
Antennaria carpatica;0;0;0;2500;1989;2096;0;0;2152;0;0;0;2061;0
Antennaria dioica;0;1704;0;0;0;0;1823;1825;0;0;0;0;0;0
Anthoxanthum alpinum;2360;1704;2122;2053;1989;2096;1823;1825;0;0;1867;0;2061;0
Anthoxanthum odoratum;0;0;0;0;0;0;0;0;0;0;0;0;0;0
Anthyllis vulnenaria;0;0;0;0;0;0;1823;1825;0;0;0;0;2061;0
Arabis alpina;0;0;2122;2155;2278;2096;0;1894;0;0;0;0;0;0
Arabis hirsuta;0;0;0;0;0;0;0;0;0;0;0;1206;0;0
Arabis soyeri;0;0;0;0;0;0;0;0;0;0;0;0;0;0
Arenaria ciliata;0;1704;0;0;0;0;1823;1894;2152;0;0;0;2061;0
Artemisia eriantha;0;0;0;0;0;0;0;0;2152;0;0;0;2061;0
Aruncus dioicus;0;0;0;0;0;0;0;0;0;0;0;0;0;0
Asplenium ruta-muraria;0;0;0;0;0;0;0;0;0;0;0;1206;0;0
Asplenium trichomanes-ramosum;0;0;2087;0;0;2096;1823;1894;2152;0;0;1206;0;0
Aster alpinus;0;0;0;0;0;0;0;0;2152;0;0;1206;0;0
Aster bellidiastrum;0;1704;2122;0;0;2096;1823;1825;2152;0;0;1206;2061;0
Astragalus australis;0;0;0;0;0;0;1823;1825;0;0;0;0;0;0
Astragalus frigidus;0;0;0;0;0;0;1823;0;0;0;0;0;2061;0
Astrantia major;0;0;0;0;0;0;0;0;0;0;0;1206;0;0
Athyrium distentifolium;0;0;0;1895;1989;0;1823;1825;0;0;1867;0;0;0
Athyrium filix-femina;0;0;0;0;0;0;0;0;0;0;1867;0;0;0
Avenula versicolor;2238;1704;2116;0;2188;0;1823;1825;0;0;1867;0;0;2126
Bartsia alpina;0;1704;2122;0;2410;2096;1823;1894;2152;0;0;0;2061;2126
Bellis perennis;0;0;0;0;0;0;0;0;0;0;0;0;0;0
Biscutella laevigata;0;0;2116;0;0;2096;1823;1825;0;0;0;0;2061;0
Botrychium lunaria;0;1704;2122;0;0;2096;1823;1894;2152;0;0;0;0;0
Briza media;0;0;0;0;0;0;0;0;0;0;0;1206;0;0
Bupleurum longifolium;0;0;0;0;0;0;0;1894;0;0;0;0;0;0
Bupleurum ranunculoides;0;0;0;0;0;0;1823;1825;2152;0;0;0;2061;0
Bupleurum tenuissimum;0;0;0;0;0;0;0;0;0;0;0;0;0;0
Calamagrostis arundinacea;0;0;0;0;0;0;0;0;0;0;1867;0;0;0
Calamagrostis canescens;0;0;0;0;0;0;0;0;0;0;0;1206;0;0
Calamagrostis varia;0;0;0;1765;0;0;0;0;0;0;0;0;0;0
Calamagrostis villosa;0;0;0;0;0;0;1823;0;0;0;1867;0;0;0
Callianthemum coriandrifolium;0;0;0;0;0;0;0;0;0;0;0;0;0;0
Calluna vulgaris;2145;1704;0;0;0;0;1823;0;0;0;1867;0;0;0
Caltha palustris;0;0;0;0;0;0;0;0;0;0;0;0;0;0
Campanula alpina;2452;0;2116;2500;2410;2096;1823;1825;0;2210;1867;0;2061;0
Campanula cochlearifolia;2423;0;0;0;0;0;1823;1894;2152;0;1867;1206;2061;0
Campanula rotundifolia subsp. polymorpha;2146;1704;2122;1765;2410;0;1823;0;0;0;0;0;0;0
Campanula rotundifolia subsp. rotundifolia;0;0;0;0;0;0;0;0;0;0;0;0;0;0
Campanula scheuchzeri;0;0;0;0;0;2096;0;1894;0;2210;0;0;0;0
Cardamine impatiens;0;0;0;0;0;0;0;0;0;0;1867;0;0;0
Cardamine trifolia;0;0;0;0;0;0;0;0;0;0;0;0;0;0
Cardaminopsis arenosa                ;0;1704;2122;0;0;2096;0;1894;0;0;0;0;0;0
Cardaminopsis halleri;0;0;2122;0;0;2096;1823;1825;0;0;0;0;2061;0
Cardaminopsis neglecta;0;0;0;2500;2410;0;0;0;0;0;0;0;0;0
Carduus defloratus subsp. glaucus;0;0;0;0;0;2096;1823;1894;0;0;0;1206;2061;0
Carex atrata;2240;0;2122;0;0;2096;1823;1894;2152;0;0;0;2061;0
Carex bigelowii;0;0;0;0;0;2096;0;0;0;0;1867;0;0;0
Carex capillaris;0;1704;0;0;0;0;0;0;0;0;0;1206;2061;0
Carex curta;0;0;0;0;0;0;0;0;0;0;1867;0;0;0
Carex davalliana;0;0;0;0;0;0;0;0;0;0;0;0;0;0
Carex firma;0;1704;2122;0;0;2096;1823;1894;2152;0;1867;1206;2061;0
Carex fuliginosa;2041;0;2122;0;0;0;0;0;2152;0;0;0;0;0
Carex nigra;0;0;2122;0;0;0;0;0;0;0;0;0;0;0
Carex pilulifera;0;0;0;0;0;0;0;0;0;0;0;0;0;0
Carex sempervirens;2240;1704;0;0;0;0;1823;1894;2152;0;1867;1206;2061;2126
Carex sylvatica;0;0;0;0;0;0;0;0;0;0;0;1206;0;0
Carlina acaulis;0;0;0;0;0;0;1823;1825;0;0;0;1206;0;0
Centaurea mollis;0;0;0;0;0;0;0;0;0;0;0;0;0;0
Centaurea scabiosa;0;0;0;0;0;0;0;0;0;0;0;1206;0;0
Cerastium alpinum;0;0;0;2190;2410;0;0;1894;2152;0;1867;0;2061;0
Cerastium arvense                              ;0;1704;0;0;0;2096;0;1894;0;0;0;0;0;0
Cerastium arvense subsp. glandulosum;0;1704;2122;2500;2410;0;1823;0;0;0;0;0;0;0
Cerastium cerastoides;0;0;2122;0;0;0;0;0;0;0;1867;0;0;0
Cerastium fontanum;0;0;2116;0;0;0;1823;1894;0;0;1867;0;0;0
Cerastium latifolium;0;0;0;0;0;0;1823;0;0;0;0;0;0;0
Cerastium uniflorum;0;0;0;2500;2410;0;0;0;0;0;0;0;0;0
Chaerophyllum hirsutum;0;0;0;0;0;0;1823;0;0;0;1867;1206;0;0
Chamorchis alpina;0;0;0;0;0;0;0;0;2152;0;0;0;2061;0
Chrysosplenium alternifolium;0;0;2122;0;0;2096;0;0;0;0;1867;0;0;0
Cicerbita alpina;0;0;0;1725;0;0;0;0;0;0;1867;0;0;0
Circaea alpina;0;0;0;0;0;0;0;0;0;0;1867;1206;0;0
Cirsium erisithales;0;0;0;0;0;0;1823;0;0;0;0;1206;0;0
Cirsium helenioides;0;0;0;0;0;0;1823;0;0;0;0;0;0;0
Clematis alpina;0;0;0;0;0;0;0;0;0;0;0;1206;0;0
Cochlearia tatrae;0;0;0;0;2410;0;0;0;0;0;0;0;0;0
Coeloglossum viride;0;1704;2122;0;0;2096;1823;0;2152;0;0;0;2061;0
Corallorhiza trifida;0;0;0;0;0;0;0;0;0;0;0;0;0;0
Cortusa matthioli;0;0;0;0;0;0;0;0;0;0;0;0;2061;0
Cotoneaster integerrimus;0;0;0;0;0;0;0;0;0;0;0;1206;0;0
Crepis jacquinii;0;1704;0;0;0;0;1823;1825;0;0;0;1206;0;0
Crepis mollis;0;0;0;0;0;0;0;0;0;0;0;0;0;0
Crepis paludosa;0;0;0;0;0;0;0;0;0;0;0;0;0;0
Cruciata glabra;0;0;0;0;0;0;0;0;0;0;0;1206;0;0
Cystopteris alpina;0;0;2122;0;0;0;0;0;0;0;0;0;0;0
Cystopteris fragilis;0;0;2122;1895;0;2096;1823;1825;0;0;0;0;2061;0
Cystopteris sudetica;0;0;0;0;0;0;0;1825;0;0;0;0;0;0
Dactylis glomerata;0;0;0;0;0;0;0;0;0;0;0;1206;0;0
Daphne mezereum;0;0;0;0;0;0;0;0;0;0;0;1206;0;0
Delphinium elatum;0;0;0;0;0;0;1823;0;0;0;0;0;0;0
Delphinium oxysepalum;0;1704;2122;0;0;0;0;0;0;0;0;0;0;0
Deschampsia cespitosa                     ;0;0;0;0;0;0;1823;1894;0;0;1867;1206;0;0
Deschampsia flexuosa;2370;1704;0;1725;1989;0;1823;0;0;0;1867;1206;0;0
Dianthus glacialis;0;0;0;0;0;0;0;0;0;2210;0;0;2061;2126
Dianthus plumarius;0;1704;0;0;0;0;0;0;0;0;0;0;0;0
Dianthus superbus subsp. alpestris;0;0;0;0;0;0;1823;0;0;0;0;0;0;0
Digitalis grandiflora;0;0;0;0;0;0;0;0;0;0;0;0;0;0
Diphasiastrum alpinum;0;0;0;0;0;0;0;0;0;0;1867;0;0;0
Doronicum austriacum;0;0;0;1725;0;0;0;0;0;0;0;0;0;0
Doronicum clusii;2452;0;2116;2500;2410;0;0;0;0;2210;0;0;0;0
Draba aizoides;0;1704;2122;0;0;2096;1823;1894;0;0;0;0;2061;0
Draba dubia;0;0;0;0;0;0;0;0;0;0;0;0;0;0
Draba tomentosa;0;0;2122;0;0;0;1823;0;0;0;0;0;2061;0
Dryas octopetala;0;1704;2112;0;0;2096;1823;1894;2152;0;0;0;2061;0
Dryopteris carthusiana;0;0;0;0;0;0;0;0;0;0;0;1206;0;0
Dryopteris dilatata;0;0;0;0;0;0;0;1825;0;0;1867;0;0;0
Empetrum nigrum;0;1704;0;0;0;0;0;0;0;2210;0;0;0;0
Empetrum nigrum subsp. hermaphroditum;2230;0;0;0;0;0;0;0;0;0;1867;0;0;0
Epilobium alpestre;0;1704;0;0;0;0;1823;0;0;0;1867;0;0;0
Epilobium alsinifolium;0;0;0;0;0;2096;1823;1825;0;0;0;0;0;0
Epilobium anagallidifolium;0;0;0;0;0;0;0;0;0;0;0;0;0;0
Epilobium angustifolium;0;0;2116;1623;0;0;1823;0;0;0;1867;0;0;0
Epilobium tetragonum subsp. tetragonum;0;0;0;0;0;0;0;0;0;0;0;0;0;0
Epipactis atrorubens;0;0;0;0;0;0;0;0;0;0;0;1206;0;0
Equisetum variegatum;0;0;0;0;0;0;0;0;0;0;0;0;0;0
Erigeron alpinus;0;0;0;0;0;0;0;0;0;0;0;0;0;0
Erigeron nanus;0;1704;0;0;0;0;0;0;0;0;0;0;0;0
Erigeron uniflorus;0;0;2122;2500;2251;2096;0;0;2152;0;0;0;2061;0
Euphrasia minima;2075;1704;0;0;0;0;0;1894;0;0;0;0;0;0
Euphrasia minima subsp. tatrae;0;0;0;0;0;0;0;0;0;0;0;0;2061;0
Euphrasia salisburgensis;0;0;0;0;0;0;1823;1825;2152;0;0;1206;2061;0
Euphrasia stricta;0;1704;0;0;0;0;0;0;0;0;0;0;0;0
Fagus sylvatica;0;0;0;0;0;0;0;0;0;0;0;1206;0;0
Festuca airoides;2452;1704;2122;2500;2410;0;0;1894;2152;0;1867;0;2061;2126
Festuca amethystina;0;0;0;0;0;0;0;0;0;0;1867;0;0;0
Festuca carpatica;0;0;0;0;0;0;0;1894;0;0;0;0;0;0
Festuca picta;0;0;0;1725;2188;0;0;1894;0;0;0;0;0;0
Festuca psammophila;0;0;0;0;0;0;0;1825;0;0;0;0;0;0
Festuca rubra;0;0;0;0;0;0;0;0;0;0;0;1206;0;0
Festuca versicolor;2452;1704;2122;0;0;2096;1823;0;2152;0;1867;1206;2061;0
Fragaria vesca;0;0;0;0;0;0;0;0;0;0;1867;1206;0;0
Fraxinus excelsior;0;0;0;0;0;0;0;0;0;0;0;1206;0;0
Galium anisophyllum;0;1704;0;0;0;2096;1823;1894;2152;0;0;1206;2061;0
Galium sudeticum;0;0;2122;0;0;0;0;0;0;0;0;0;0;0
Galium sylvaticum;0;0;0;0;0;0;0;0;0;0;0;0;0;0
Gentiana asclepiadea;0;0;0;0;0;0;0;0;0;0;1867;1206;0;0
Gentiana clusii;0;0;0;0;0;0;1823;1825;0;0;0;1206;0;0
Gentiana frigida;2452;0;0;2500;2410;0;1823;0;0;2210;0;0;0;0
Gentiana nivalis;0;1704;0;0;0;0;0;1894;2152;0;0;0;0;0
Gentiana punctata;2415;0;0;1840;2188;0;0;0;0;2210;1867;0;0;2126
Gentiana verna;0;1704;2122;0;0;2096;1823;0;0;0;0;0;2061;0
Gentianella amarella;0;0;0;0;0;0;0;0;0;0;0;0;0;0
Gentianella ciliata;0;0;0;0;0;0;0;0;0;0;0;0;0;0
Gentianella germanica;0;0;0;0;0;0;0;0;0;0;0;0;0;0
Gentianella lutescens;0;0;0;0;0;0;1823;0;0;0;0;0;0;0
Gentianella tenella;0;0;0;0;0;0;0;0;0;0;0;0;0;0
Geranium robertianum;0;0;0;0;0;0;0;0;0;0;0;1206;0;0
Geranium sylvaticum;0;0;2122;1725;0;2096;1823;1825;2152;0;0;0;2061;0
Geum montanum;2433;1704;2122;2500;2410;2096;1823;1825;0;0;1867;0;2061;0
Geum reptans;0;0;0;2500;2410;0;0;0;0;0;0;0;0;0
Geum rivale;0;0;0;0;0;0;0;0;0;0;1867;0;0;0
Gymnadenia conopsea;0;1704;0;0;0;2096;1823;1825;0;0;0;1206;0;0
Gymnadenia odoratissima;0;0;0;0;0;0;0;0;0;0;0;1206;0;0
Gymnocarpium robertianum;0;0;0;0;0;0;0;0;0;0;0;0;0;0
Gypsophila repens;0;0;0;0;0;0;1823;0;0;0;0;1206;0;0
Hedysarum hedysaroides;0;1704;2122;0;0;2096;1823;1894;2152;0;0;0;2061;0
Helianthemum nummularium;0;1704;2112;0;0;0;1823;1894;0;0;0;1206;2061;0
Heracleum sphondylium;0;0;0;0;0;0;0;1825;0;0;0;1206;0;0
Heracleum sphondylium subsp. sibiricum;0;0;0;0;0;0;0;0;0;0;0;0;0;0
Hieracium acuminatum;0;0;0;0;0;0;0;0;0;0;0;0;0;0
Hieracium alpicola;0;0;0;0;0;0;0;1894;0;0;0;0;0;0
Hieracium alpinum;0;0;2116;2500;0;0;1823;1894;0;2210;0;0;0;2126
Hieracium atratum;0;0;0;0;0;0;0;0;0;0;0;0;0;0
Hieracium aurantiacum;0;0;0;0;0;0;0;0;0;0;0;0;0;0
Hieracium bifidum;0;0;0;0;0;0;0;1894;0;0;0;1206;0;0
Hieracium bupleuroides;0;0;0;0;0;0;0;0;0;0;0;0;0;0
Hieracium caesium;0;0;0;0;0;0;0;0;0;0;0;0;0;0
Hieracium caespitosum;0;0;0;0;0;0;0;0;0;0;0;0;0;0
Hieracium fritzei;0;0;0;0;0;0;0;0;0;0;0;0;0;0
Hieracium lactucella;0;0;0;0;0;0;0;0;0;0;0;0;0;0
Hieracium murorum;0;1704;0;0;0;0;0;0;0;0;1867;1206;0;0
Hieracium nigrescens;0;0;0;0;0;0;0;0;0;0;0;0;0;0
Hieracium pilosella;2360;0;0;0;0;0;0;0;0;0;0;0;0;0
Hieracium piloselloides;0;0;0;0;0;0;1823;0;0;0;0;0;0;0
Hieracium prenanthoides;0;0;0;0;0;0;0;0;0;0;0;0;0;0
Hieracium villosum;0;1704;0;0;0;0;1823;1825;0;0;1867;1206;2061;0
Hieracium x brachiatum;0;0;0;0;0;0;0;0;0;0;0;0;0;0
Homogyne alpina;0;1704;2122;2500;2410;2096;1823;1894;0;0;1867;1206;2061;0
Huperzia selago;2297;1704;0;1990;2251;0;1823;1894;2152;0;1867;0;2061;2126
Hypericum maculatum;0;1704;0;0;0;0;0;1825;2152;0;1867;1206;0;0
Hypericum tetrapterum;0;0;0;0;0;0;0;0;0;0;0;0;0;0
Hypochoeris uniflora;1887;0;0;0;0;0;0;0;0;2210;1867;0;0;0
Jovibarba globifera subsp. globifera;0;0;0;0;0;0;0;0;0;0;0;0;0;0
Juncus trifidus;2423;1704;2116;2500;2410;0;1823;1825;0;0;1867;0;2061;0
Juniperus communis;2200;0;0;0;0;0;0;0;0;0;1867;1206;0;0
Kernera saxatilis;0;0;0;0;0;2096;0;0;0;0;0;1206;0;0
Knautia kitaibelii                             ;0;0;0;0;0;0;0;0;0;0;0;0;0;0
Larix decidua;2012;0;0;0;0;0;0;0;0;0;0;0;0;0
Laserpitium latifolium;0;0;0;0;0;0;0;0;0;0;0;0;0;0
Leontodon incanus;0;0;0;0;0;0;0;0;0;0;0;1206;0;0
Leontodon montanus subsp. pseudotaraxaci;0;0;2122;0;2233;2096;0;1825;2152;0;0;1206;2061;0
Leontopodium alpinum;0;1704;0;0;0;0;1823;1825;2152;0;0;1206;0;0
Leucanthemopsis alpina;2452;0;2122;2500;2410;0;0;0;0;0;0;0;0;0
Leucanthemum vulgare;0;0;0;0;0;0;1823;1894;0;0;0;1206;0;0
Leucanthemum waldstenii;0;0;0;0;0;0;1823;0;0;0;0;0;2061;0
Ligusticum mutellina;2415;1704;2122;2155;2410;2096;1823;1825;0;2210;1867;1206;0;0
Ligusticum mutellinoides;2400;0;2122;2500;2410;2096;0;0;2152;0;0;0;2061;2126
Lilium martagon;0;0;0;0;0;0;0;0;0;0;0;1206;0;0
Linum catharticum;0;0;0;0;0;0;0;0;0;0;0;1206;0;0
Linum perenne subsp. extraaxillare;0;1704;0;0;0;0;1823;0;2152;0;0;0;2061;0
Listera ovata;0;0;0;0;0;0;0;0;0;0;0;1206;0;0
Lloydia serotina;0;0;2122;2500;2410;2096;1823;0;2152;2210;0;0;2061;2126
Lotus corniculatus;0;0;0;0;0;0;1823;0;0;0;0;1206;2061;0
Luzula alpinopilosa;2452;0;2116;2500;2410;2096;0;0;0;2210;1867;0;2061;0
Luzula luzulina;0;0;0;0;0;0;0;0;0;0;0;1206;0;0
Luzula luzuloides;0;1704;0;1800;0;0;1823;1825;0;0;0;0;2061;0
Luzula multiflora;0;1704;0;0;0;0;0;0;0;0;0;0;0;0
Luzula spicata;0;0;0;0;2410;0;0;0;0;0;0;0;0;2126
Luzula sudetica;0;0;0;0;0;0;0;0;0;0;0;0;0;0
Luzula sylvatica;0;0;0;0;0;0;0;0;0;0;1867;1206;0;0
Lycopodium annotinum;0;0;0;0;0;2096;0;0;0;0;0;0;0;0
Maianthemum bifolium;0;0;0;0;0;0;0;0;0;0;0;1206;0;0
Melampyrum pratense;0;0;0;0;0;0;0;0;0;0;1867;1206;0;0
Melampyrum sylvaticum;0;0;0;0;0;0;0;0;0;0;0;0;0;0
Mercurialis perennis;0;0;0;0;0;0;0;0;0;0;0;1206;0;0
Microstylis monophyllos;0;0;0;0;0;0;0;0;0;0;0;0;0;0
Minuartia laricifolia subsp. kitaibelii;0;0;0;0;0;0;0;0;0;0;0;0;0;0
Minuartia sedoides;2423;1704;2122;2500;2410;2096;1823;1894;2152;0;0;0;2061;2126
Minuartia verna;0;0;0;0;2410;0;1823;1894;0;0;0;0;0;0
Moehringia muscosa;0;0;0;0;0;0;0;0;0;0;0;0;0;0
Moehringia trinervia;0;0;0;0;0;0;0;0;0;0;1867;0;0;0
Moneses uniflora;0;0;0;0;0;0;0;0;0;0;1867;0;0;0
Mycelis muralis;0;0;0;0;0;0;0;0;0;0;1867;1206;0;0
Myosotis alpestris;0;0;2122;2128;2410;2096;1823;1894;2152;0;0;0;2061;0
Myosotis sylvatica;0;1704;0;0;0;0;0;0;0;0;0;0;0;0
Nardus stricta ;0;0;0;0;2218;0;0;0;0;0;1867;0;0;0
Omalotheca hoppeana;0;0;0;0;0;0;0;0;0;0;0;0;0;0
Omalotheca supina;2433;0;0;2500;2410;2096;0;0;0;0;0;0;0;0
Omalotheca sylvatica;0;0;0;0;0;0;0;0;0;0;1867;0;0;0
Oreochloa disticha;2452;0;2122;2500;2410;2096;0;0;2152;2210;1867;0;2061;2126
Orthilia secunda;0;0;0;0;0;0;0;1825;0;0;0;0;2061;0
Oxalis acetosella;0;0;0;0;0;0;0;0;0;0;1867;1206;0;0
Oxyria digyna;0;0;0;2335;2410;0;0;0;0;0;0;0;0;2126
Oxytropis campestris;0;0;0;0;0;0;0;0;0;0;0;0;0;0
Oxytropis carpatica;0;0;0;0;0;0;1823;1894;0;0;0;0;2061;0
Oxytropis halleri;0;0;0;0;0;0;0;0;0;0;0;0;2061;0
Oxytropis pilosa;0;0;0;0;0;0;0;0;0;0;0;0;0;0
Papaver burseri;0;0;2122;0;0;0;0;0;0;0;0;0;0;0
Paris quadrifolia;0;1704;0;0;0;0;0;0;0;0;0;0;0;0
Parnassia palustris;0;1704;0;0;0;2096;1823;1894;2152;0;0;0;2061;0
Pedicularis hacquetii;0;0;0;0;0;0;0;0;0;0;0;0;2061;0
Pedicularis oederi;2235;1704;2122;2500;2410;2096;1823;1825;2152;2210;0;0;2061;0
Pedicularis verticillata;2297;1704;2122;2500;2410;2096;1823;1894;2152;0;0;1206;2061;2126
Phegopteris connectilis;0;0;0;0;0;0;0;0;0;0;0;1206;0;0
Phleum alpinum subsp. alpinum;0;0;2116;1725;0;0;0;0;0;0;1867;0;0;0
Phleum hirsutum;0;0;0;0;0;0;0;0;0;0;0;0;0;0
Phyteuma orbiculare;0;1704;2122;0;0;2096;1823;1894;2152;0;0;1206;2061;0
Phyteuma spicatum;0;0;0;0;0;0;0;0;0;0;0;1206;0;0
Picea abies;2240;1704;0;0;0;0;1823;1825;0;0;1867;1206;0;0
Pimpinella major;0;0;0;0;0;0;0;0;0;0;0;1206;0;0
Pimpinella saxifraga;0;0;0;0;0;0;0;0;0;0;0;1206;0;0
Pinguicula alpina;0;1704;0;0;0;2096;1823;1825;2152;0;0;1206;0;0
Pinus cembra;1880;0;0;0;0;0;0;0;0;0;0;0;0;0
Pinus mugo;2240;1704;0;1725;0;2096;1823;1894;0;0;1867;0;2061;0
Pinus sylvestris;0;0;0;0;0;0;0;0;0;0;0;1206;0;0
Plantago atrata;0;0;2116;0;0;2096;0;0;0;0;0;0;0;0
Plantago major;0;0;0;0;0;2096;0;1894;0;0;1867;1206;0;0
Plantanthera bifolia;0;0;0;0;0;0;1823;0;0;0;0;0;0;0
Poa alpina;2452;1704;2122;2500;2410;2096;1823;1894;2152;2210;1867;1206;2061;2126
Poa annua;0;0;0;0;0;0;0;1894;0;0;1867;1206;0;0
Poa granitica;0;0;0;0;0;0;0;0;0;0;0;0;0;0
Poa chaixii;0;0;0;0;0;0;0;0;0;0;0;0;0;0
Poa laxa;2452;0;0;2500;2410;0;0;0;0;0;0;0;0;2126
Poa nemoralis;0;0;0;0;0;0;0;0;0;0;0;0;0;0
Polygala amara subsp. brachyptera;0;1704;2122;0;0;0;0;0;2152;0;0;1206;2061;0
Polygala vulgaris;0;0;0;0;0;0;1823;1825;0;0;0;0;0;0
Polygonum bistorta;0;0;0;0;0;0;0;0;0;0;1867;0;0;0
Polygonum viviparum;2238;1704;2122;2500;2410;0;1823;1894;2152;0;0;1206;2061;2126
Polystichum lonchitis;0;0;2122;0;0;2096;1823;0;0;0;0;0;0;0
Potentilla aurea;2145;1704;2122;2500;2251;2096;1823;1825;0;0;1867;0;2061;0
Potentilla crantzii;0;0;2122;0;2251;2096;1823;1825;2152;0;0;0;2061;0
Potentilla erecta;0;0;0;0;0;0;0;0;0;0;0;1206;0;0
Potentilla pusilla;0;0;0;0;0;0;0;0;0;0;0;0;0;0
Potentilla tabernaemontani;0;0;2107;0;0;0;0;0;0;0;0;0;0;2126
Prenanthes purpurea;0;0;0;0;0;0;0;0;0;0;0;1206;0;0
Primula auricula;0;1704;0;0;0;0;1823;1825;2152;0;0;1206;2061;0
Primula elatior;0;0;2122;0;0;2096;1823;0;0;0;0;1206;2061;0
Primula minima;2452;1704;0;2500;2410;2096;0;1825;2152;0;0;0;2061;0
Pritzelago alpina;0;0;2122;0;2286;0;1823;0;0;0;0;0;2061;0
Prunella vulgaris;0;1704;0;0;0;0;1823;1825;0;0;1867;1206;2061;0
Pulmonaria obscura;0;0;0;0;0;0;0;0;0;0;0;1206;0;0
Pulsatilla alba;2360;1704;2122;0;2410;2096;1823;0;2152;2210;1867;0;2061;2126
Pulsatilla vernalis;0;0;0;0;0;0;0;0;0;0;0;0;0;0
Pyrola carpatica;0;0;0;0;0;0;0;0;2152;0;0;0;2061;0
Pyrola minor;0;0;0;0;0;0;0;0;0;0;0;0;0;0
Pyrola rotundifolia;0;0;0;0;0;2096;0;0;0;0;0;0;0;0
Ranunculus acris;0;0;0;0;0;0;0;0;0;0;1867;1206;0;0
Ranunculus alpestris;0;1704;2122;2190;2410;2096;1823;1825;2152;2210;0;0;2061;0
Ranunculus glacialis;2452;0;0;2500;2410;0;0;0;0;2210;0;0;0;0
Ranunculus oreophilus;0;1704;0;0;0;0;1823;0;2152;0;0;1206;2061;0
Ranunculus platanifolius;0;0;0;1800;0;0;0;0;0;0;0;0;0;0
Ranunculus pseudomontanus;2397;0;2122;2500;2410;2096;0;1894;0;2210;0;0;0;2126
Ranunculus repens;0;0;0;0;0;0;0;0;0;0;1867;0;0;0
Ranunculus thora;0;1704;2122;0;0;0;1823;0;2152;0;0;0;2061;0
Rhodiola rosea;0;0;2122;1725;0;2096;1823;1894;2152;2210;0;0;2061;2126
Ribes alpinum;0;0;0;0;0;0;1823;0;0;0;0;0;0;0
Ribes petraeum;0;0;0;0;0;0;0;0;0;0;0;0;0;0
Rosa pendulina;0;0;0;0;0;0;0;0;0;0;0;1206;0;0
Rubus caesius;1887;0;0;0;0;0;0;0;0;0;0;1206;0;0
Rubus idaeus;0;0;0;0;0;0;0;1894;0;0;1867;1206;0;0
Rumex acetosa;0;0;0;0;0;0;0;0;0;0;1867;0;0;0
Rumex alpestris;0;0;2122;0;0;0;0;0;0;0;1867;0;0;0
Rumex alpinus;0;0;0;1740;0;2096;0;0;0;0;0;0;0;0
Sagina procumbens;0;0;0;0;0;0;0;0;0;0;0;0;0;0
Sagina saginoides;0;0;0;0;0;2096;0;0;0;0;0;0;0;0
Salix alpina;2283;1704;2122;0;0;0;0;1894;2152;0;0;0;2061;0
Salix herbacea;2423;0;0;2500;2410;0;0;1894;0;2210;0;0;0;2126
Salix myrsinifolia;0;0;0;0;0;0;0;0;0;0;0;0;0;0
Salix reticulata;0;1704;2122;0;2251;2096;1823;1894;0;0;0;0;2061;0
Salix retusa;2240;0;2122;2500;2233;2096;1823;0;2152;2210;0;0;0;2126
Salix silesiaca;1887;1704;0;1623;0;0;1823;1894;2152;0;1867;1206;0;0
Saussurea alpina;0;0;0;0;0;0;1823;0;0;0;0;0;0;0
Saussurea pygmaea;0;0;0;0;0;0;0;0;0;2210;0;0;0;0
Saxifraga adscendens;0;0;0;0;0;0;0;1894;0;0;0;0;0;0
Saxifraga aizoides;0;1704;2122;0;0;2096;1823;1894;2152;0;0;0;0;0
Saxifraga androsacea;2360;0;0;2500;2410;0;0;0;0;0;0;0;0;0
Saxifraga bryoides;0;0;0;2500;2410;0;0;1894;0;2210;0;0;0;0
Saxifraga caesia;0;1704;0;0;0;0;0;1894;2152;0;0;0;2061;0
Saxifraga carpatica;2452;0;0;2500;2410;0;0;0;0;0;0;0;0;0
Saxifraga cernua;0;0;0;0;0;0;0;0;0;0;0;0;0;0
Saxifraga exarata subsp. moschata;0;0;2122;2500;2410;2096;1823;1894;2152;2210;0;0;2061;0
Saxifraga hieracifolia;0;0;0;2190;2410;0;0;0;0;2210;0;0;0;0
Saxifraga oppositifolia;0;0;2122;2500;2410;2096;1823;1894;2152;0;0;0;2061;2126
Saxifraga paniculata;0;1704;2112;0;0;2096;1823;1894;0;0;0;1206;2061;2126
Saxifraga retusa;0;0;0;2500;2410;0;0;0;0;0;0;0;0;2126
Saxifraga rosacea;0;0;0;0;0;0;0;0;0;0;0;0;0;0
Saxifraga wahlenbergii;0;0;2122;2500;2410;2096;0;0;0;0;0;0;2061;0
Scabiosa lucida;0;1704;0;0;0;0;1823;1894;2152;0;0;1206;2061;0
Scrophularia scopolii;0;0;0;0;0;0;0;0;0;0;0;0;0;0
Sedum alpestre;2452;0;0;2500;2410;0;0;1894;0;0;0;0;0;0
Sedum atratum;0;0;2122;0;0;2096;0;1894;2152;0;1867;0;2061;0
Sedum telephium subsp. fabaria;0;0;0;0;0;0;0;0;0;0;0;0;0;0
Selaginella selaginoides;0;1704;2122;0;0;2096;1823;1894;0;0;0;0;0;0
Sempervivum montanum;2397;0;0;0;0;0;0;0;2152;2210;0;1206;2061;0
Senecio abrotanifolius subsp. carpathicus;0;0;0;0;0;0;0;0;0;2210;0;0;0;2126
Senecio incanus subsp. carniolicus;2420;0;0;2500;2410;0;0;0;0;0;0;0;0;0
Senecio integrifolius subsp. capitatus;2420;0;2116;0;0;0;1823;1825;2152;0;0;0;2061;0
Senecio nemorensis;0;0;0;1740;0;0;1823;0;0;0;1867;1206;0;0
Senecio rivularis;0;0;0;0;0;0;0;0;0;0;0;0;0;0
Senecio subalpinus;0;0;0;0;0;2096;1823;0;0;0;1867;1206;0;0
Seseli libanotis;0;0;0;0;0;0;0;0;0;0;0;1206;0;0
Sesleria bielzii;0;0;2122;0;0;2096;0;0;2152;0;0;0;0;0
Sesleria sadlerana subsp. tatrae;0;0;0;0;0;0;1823;1894;0;0;0;0;0;0
Sesleria varia;0;1704;2122;0;0;0;0;0;0;0;0;1206;2061;0
Sibbaldia procumbens;0;0;0;0;0;0;0;0;0;0;0;0;0;0
Silene acaulis;2440;1704;2122;2500;2410;2096;1823;1894;2152;2210;0;0;2061;0
Silene dioica;0;0;0;0;0;0;0;0;0;0;0;0;0;0
Silene nutans;0;0;0;0;0;0;0;0;0;0;0;0;0;0
Silene pusilla;0;0;0;0;0;0;1823;0;0;0;0;0;0;0
Silene vulgaris;0;0;0;0;0;0;0;0;0;0;0;0;0;0
Soldanella carpatica;0;1704;2116;2053;2410;2096;1823;1894;2152;2210;1867;1206;2061;0
Solidago virgaurea;0;0;0;0;0;0;0;0;2152;0;0;0;0;0
Solidago virgaurea subsp. minuta;2143;1704;0;1765;2188;0;1823;1825;0;2210;1867;1206;2061;0
Sorbus aria;0;0;0;0;0;0;0;0;0;0;0;1206;0;0
Sorbus aucuparia subsp. glabrata;0;0;0;0;0;0;1823;0;0;0;1867;1206;0;0
Stellaria nemorum;0;0;2116;1740;0;2096;0;0;0;0;1867;0;0;0
Swertia perennis;0;1704;2122;0;0;2096;1823;1894;0;0;0;0;2061;0
Taraxacum officinale;0;1704;0;0;0;0;0;1894;0;0;1867;1206;0;0
Taraxacum Sect. Alpina;0;0;2122;2500;2410;2096;1823;0;2152;0;0;0;2061;0
Taraxacum Sect. Erythrosperma;0;0;0;0;0;0;0;0;0;0;0;0;0;0
Thalictrum aquilegiifolium;0;0;0;0;0;0;0;0;0;0;0;1206;0;0
Thalictrum minus;0;0;0;0;0;0;0;0;0;0;0;0;0;0
Thesium alpinum;0;0;0;0;0;0;1823;1825;0;0;0;1206;2061;0
Thymus alpestris;0;0;0;0;2410;0;1823;0;0;0;0;0;0;0
Thymus pulcherrimus;0;1704;2122;0;0;2096;0;1894;2152;0;0;0;2061;0
Thymus pulegioides;0;0;0;0;0;0;0;1894;0;0;0;1206;0;0
Tofieldia calyculata;0;1704;0;0;0;0;1823;1894;0;0;0;1206;0;0
Traunsteinera globosa;0;0;0;0;0;0;1823;1825;0;0;0;0;0;0
Trifolium badium;0;1704;0;0;0;0;0;1825;0;0;0;0;0;0
Trifolium pratense ;0;0;0;0;0;0;1823;0;0;0;0;1206;0;0
Trifolium repens;0;1704;0;0;0;0;0;0;0;0;0;1206;2061;0
Trisetum alpestre;0;0;0;0;0;0;0;0;2152;0;0;1206;0;0
Trisetum fuscum;0;0;0;0;0;0;0;0;0;0;0;0;0;0
Trollius europaeus;0;0;0;0;0;2096;0;0;0;0;0;0;0;0
Trollius europaeus subsp. transsilvanicus;0;0;2116;0;0;0;0;0;0;0;0;0;0;0
Tussilago farfara;0;0;0;0;0;0;1823;1825;0;0;0;0;0;0
Urtica dioica;0;0;0;0;0;0;1823;1825;0;0;0;0;0;0
Vaccinium myrtillus;2333;1704;2116;2500;2188;2096;1823;1825;0;2210;1867;1206;0;2126
Vaccinium uliginosum;0;1704;0;0;0;0;0;0;0;0;1867;0;0;0
Vaccinium vitis-idaea;2240;1704;2116;2500;2188;2096;1823;1825;2152;0;1867;1206;2061;2126
Vaccinum uliginosum subsp. microphyllum;2223;0;0;2053;0;0;1823;0;2152;0;0;0;2061;0
Valeriana officinalis subsp. sambucifolia;0;0;0;0;0;0;0;0;0;0;0;0;0;0
Valeriana tripteris;0;0;0;1725;0;0;0;0;0;0;0;1206;0;0
Veratrum lobelianum;0;0;0;1840;1920;0;1823;0;0;0;1867;0;2061;0
Veronica alpina;2366;0;2122;2190;2410;0;0;0;0;0;0;0;0;0
Veronica aphylla;0;1704;2122;0;0;2096;1823;1894;2152;0;0;0;2061;0
Veronica chamaedrys;0;0;0;0;0;0;0;0;0;0;1867;0;0;0
Veronica fruticans;0;1704;0;0;0;0;0;0;0;0;0;0;0;0
Veronica serpyllifolia;0;0;0;0;0;0;0;0;0;0;1867;0;0;0
Viola alpina;0;0;2122;0;0;2096;1823;0;0;0;0;0;0;0
Viola biflora;0;1704;2122;1765;1989;2096;1823;1825;0;0;0;0;2061;0
Viola lutea;0;0;0;0;0;0;0;0;0;0;0;0;0;0
Viola palustris;0;0;0;0;0;0;0;0;0;0;0;0;0;0
Viola tricolor subsp. subalpina;0;0;0;0;0;0;0;0;0;0;0;0;0;0
