Haw.P56;Haw.C14;Krz.P56;Krz.C14;Rys.P56;Rys.C14;Msc.P56;Msc.C14;Cmi.P56;Cmi.C14;Gws.P56;Gws.C14
Summit;2152;2152;2122;2122;2503;2503;2410;2410;2096;2096;1894;1894
Abies alba;0;0;0;0;0;0;0;0;0;0;0;0
Acer pseudoplatanus;0;0;0;0;0;0;0;0;0;0;0;0
Achillea millefolium;0;0;0;0;0;0;0;0;0;2096;0;0
Achillea millefolium subsp. sudetica;0;0;0;2116;0;0;0;0;0;0;0;0
Aconitum napellus subsp. firmum;0;0;0;2122;2400;1765;0;2233;0;0;0;1894
Adenostyles alliariae;0;0;0;2122;0;1990;0;2410;0;2096;0;0
Agrostis alpina;0;0;0;0;0;0;0;0;0;2096;0;0
Agrostis capillaris;0;0;0;0;0;0;0;0;0;0;0;0
Agrostis rupestris;0;0;0;2122;0;2500;0;2410;0;0;0;1825
Allium senescens;0;0;0;0;0;0;0;0;0;0;0;0
Allium sibiricum;0;0;0;0;0;0;0;0;0;0;0;0
Alnus incana;0;0;0;0;0;0;0;0;0;0;0;0
Androsace chamaejasme;0;2152;0;0;0;0;0;0;0;2096;0;1825
Androsace lactea;0;2152;0;0;0;0;0;0;0;0;0;1825
Androsace obtusifolia;0;0;0;2122;0;0;0;2410;0;0;0;0
Anemone narcissifolia;0;0;0;2122;2480;2053;0;2410;0;2096;0;0
Angelica archangelica subsp. archangelica;0;0;0;0;0;0;0;0;0;0;0;1825
Angelica sylvestris;0;0;0;0;0;0;0;0;0;0;0;0
Antennaria carpatica;0;2152;0;0;0;2500;0;1989;0;2096;0;0
Antennaria dioica;0;0;0;0;0;0;0;0;0;0;0;1825
Anthoxanthum alpinum;0;0;0;2122;0;2053;0;1989;0;2096;0;1825
Anthoxanthum odoratum;0;0;0;0;0;0;0;0;0;0;0;0
Anthyllis vulnenaria;0;0;2034;0;0;0;0;0;0;0;0;1825
Arabis alpina;0;0;0;2122;0;2155;2260;2278;0;2096;0;1894
Arabis hirsuta;0;0;0;0;0;0;0;0;0;0;0;0
Arabis soyeri;0;0;2122;0;0;0;0;0;0;0;0;0
Arenaria ciliata;0;2152;0;0;0;0;0;0;0;0;0;1894
Artemisia eriantha;0;2152;0;0;0;0;0;0;0;0;0;0
Aruncus dioicus;0;0;0;0;0;0;0;0;0;0;0;0
Asplenium ruta-muraria;0;0;0;0;0;0;0;0;0;0;0;0
Asplenium trichomanes-ramosum;2152;2152;0;2087;0;0;2410;0;0;2096;0;1894
Aster alpinus;0;2152;0;0;0;0;0;0;0;0;0;0
Aster bellidiastrum;0;2152;0;2122;0;0;0;0;0;2096;0;1825
Astragalus australis;0;0;0;0;0;0;0;0;0;0;0;1825
Astragalus frigidus;2152;0;0;0;0;0;0;0;0;0;1858;0
Astrantia major;2152;0;0;0;0;0;0;0;0;0;0;0
Athyrium distentifolium;0;0;0;0;0;1895;0;1989;0;0;0;1825
Athyrium filix-femina;0;0;0;0;0;0;0;0;0;0;0;0
Avenula versicolor;0;0;0;2116;0;0;0;2188;0;0;0;1825
Bartsia alpina;0;2152;0;2122;0;0;0;2410;0;2096;0;1894
Bellis perennis;0;0;0;0;0;0;0;0;0;0;0;0
Biscutella laevigata;0;0;2122;2116;0;0;0;0;0;2096;0;1825
Botrychium lunaria;2150;2152;2120;2122;0;0;0;0;2055;2096;0;1894
Briza media;0;0;0;0;0;0;0;0;0;0;0;0
Bupleurum longifolium;2152;0;0;0;0;0;0;0;0;0;0;1894
Bupleurum ranunculoides;2152;2152;0;0;0;0;0;0;0;0;0;1825
Bupleurum tenuissimum;0;0;0;0;0;0;0;0;0;0;0;0
Calamagrostis arundinacea;0;0;0;0;0;0;0;0;0;0;0;0
Calamagrostis canescens;0;0;0;0;0;0;0;0;0;0;0;0
Calamagrostis varia;0;0;0;0;0;1765;0;0;0;0;0;0
Calamagrostis villosa;0;0;0;0;0;0;0;0;0;0;0;0
Callianthemum coriandrifolium;0;0;0;0;0;0;0;0;0;0;0;0
Calluna vulgaris;0;0;0;0;0;0;0;0;0;0;0;0
Caltha palustris;0;0;0;0;0;0;0;0;0;0;0;0
Campanula alpina;0;0;0;2116;0;2500;0;2410;0;2096;0;1825
Campanula cochlearifolia;0;2152;0;0;0;0;0;0;0;0;0;1894
Campanula rotundifolia subsp. polymorpha;0;0;0;2122;0;1765;0;2410;0;0;0;0
Campanula rotundifolia subsp. rotundifolia;0;0;0;0;0;0;0;0;0;0;0;0
Campanula scheuchzeri;0;0;0;0;0;0;0;0;0;2096;0;1894
Cardamine impatiens;0;0;0;0;0;0;0;0;0;0;0;0
Cardamine trifolia;0;0;0;0;0;0;0;0;0;0;0;0
Cardaminopsis arenosa                ;0;0;2112;2122;0;0;0;0;0;2096;0;1894
Cardaminopsis halleri;0;0;2122;2122;0;0;0;0;0;2096;0;1825
Cardaminopsis neglecta;0;0;0;0;0;2500;0;2410;0;0;0;0
Carduus defloratus subsp. glaucus;0;0;0;0;0;0;0;0;2060;2096;0;1894
Carex atrata;0;2152;0;2122;0;0;0;0;0;2096;0;1894
Carex bigelowii;0;0;0;0;0;0;0;0;0;2096;0;0
Carex capillaris;0;0;0;0;0;0;0;0;0;0;0;0
Carex curta;0;0;0;0;0;0;0;0;0;0;0;0
Carex davalliana;0;0;0;0;0;0;0;0;0;0;0;0
Carex firma;0;2152;0;2122;0;0;0;0;0;2096;0;1894
Carex fuliginosa;0;2152;0;2122;0;0;0;0;0;0;0;0
Carex nigra;0;0;0;2122;0;0;0;0;2000;0;0;0
Carex pilulifera;0;0;0;0;0;0;0;0;0;0;0;0
Carex sempervirens;0;2152;0;0;0;0;0;0;0;0;0;1894
Carex sylvatica;0;0;0;0;0;0;0;0;0;0;0;0
Carlina acaulis;0;0;0;0;0;0;0;0;0;0;0;1825
Centaurea mollis;0;0;0;0;0;0;0;0;0;0;0;0
Centaurea scabiosa;0;0;0;0;0;0;0;0;0;0;0;0
Cerastium alpinum;0;2152;0;0;0;2190;0;2410;0;0;0;1894
Cerastium arvense                              ;0;0;0;0;2470;0;0;0;0;2096;0;1894
Cerastium arvense subsp. glandulosum;0;0;0;2122;0;2500;0;2410;0;0;0;0
Cerastium cerastoides;0;0;0;2122;0;0;0;0;0;0;0;0
Cerastium fontanum;2152;0;0;2116;0;0;0;0;0;0;0;1894
Cerastium latifolium;0;0;2122;0;0;0;0;0;0;0;1794;0
Cerastium uniflorum;0;0;0;0;2503;2500;0;2410;0;0;0;0
Chaerophyllum hirsutum;2152;0;0;0;0;0;0;0;0;0;0;0
Chamorchis alpina;0;2152;0;0;0;0;0;0;0;0;0;0
Chrysosplenium alternifolium;0;0;2122;2122;0;0;0;0;2000;2096;0;0
Cicerbita alpina;0;0;0;0;0;1725;0;0;0;0;0;0
Circaea alpina;0;0;0;0;0;0;0;0;0;0;0;0
Cirsium erisithales;0;0;0;0;0;0;0;0;0;0;0;0
Cirsium helenioides;0;0;0;0;0;0;0;0;0;0;0;0
Clematis alpina;0;0;0;0;0;0;0;0;0;0;0;0
Cochlearia tatrae;2000;0;0;0;0;0;0;2410;0;0;0;0
Coeloglossum viride;0;2152;0;2122;0;0;0;0;0;2096;0;0
Corallorhiza trifida;0;0;0;0;0;0;0;0;0;0;0;0
Cortusa matthioli;0;0;0;0;0;0;0;0;0;0;0;0
Cotoneaster integerrimus;0;0;0;0;0;0;0;0;0;0;0;0
Crepis jacquinii;0;0;0;0;0;0;0;0;0;0;0;1825
Crepis mollis;0;0;0;0;0;0;0;0;0;0;0;0
Crepis paludosa;0;0;0;0;0;0;0;0;0;0;0;0
Cruciata glabra;0;0;0;0;0;0;0;0;0;0;0;0
Cystopteris alpina;0;0;2100;2122;0;0;0;0;2085;0;0;0
Cystopteris fragilis;0;0;0;2122;0;1895;0;0;0;2096;0;1825
Cystopteris sudetica;0;0;0;0;0;0;0;0;0;0;0;1825
Dactylis glomerata;0;0;0;0;0;0;0;0;0;0;0;0
Daphne mezereum;0;0;0;0;0;0;0;0;0;0;0;0
Delphinium elatum;0;0;0;0;0;0;0;0;0;0;0;0
Delphinium oxysepalum;0;0;0;2122;0;0;0;0;0;0;0;0
Deschampsia cespitosa                     ;0;0;0;0;0;0;0;0;0;0;0;1894
Deschampsia flexuosa;0;0;0;0;0;1725;0;1989;0;0;0;0
Dianthus glacialis;0;0;0;0;2490;0;0;0;0;0;0;0
Dianthus plumarius;0;0;0;0;0;0;0;0;0;0;1800;0
Dianthus superbus subsp. alpestris;0;0;2050;0;0;0;0;0;0;0;0;0
Digitalis grandiflora;0;0;0;0;0;0;0;0;0;0;0;0
Diphasiastrum alpinum;0;0;0;0;0;0;0;0;0;0;0;0
Doronicum austriacum;0;0;0;0;0;1725;0;0;0;0;0;0
Doronicum clusii;0;0;0;2116;0;2500;0;2410;0;0;0;0
Draba aizoides;0;0;0;2122;0;0;0;0;0;2096;0;1894
Draba dubia;0;0;0;0;0;0;0;0;0;0;0;0
Draba tomentosa;0;0;2122;2122;0;0;0;0;2060;0;1894;0
Dryas octopetala;2152;2152;0;2112;0;0;2410;0;0;2096;0;1894
Dryopteris carthusiana;0;0;0;0;0;0;0;0;0;0;0;0
Dryopteris dilatata;0;0;2098;0;0;0;0;0;0;0;0;1825
Empetrum nigrum;0;0;0;0;0;0;0;0;0;0;0;0
Empetrum nigrum subsp. hermaphroditum;0;0;0;0;0;0;0;0;0;0;0;0
Epilobium alpestre;0;0;0;0;0;0;0;0;0;0;0;0
Epilobium alsinifolium;0;0;0;0;0;0;0;0;2060;2096;0;1825
Epilobium anagallidifolium;0;0;0;0;0;0;0;0;0;0;0;0
Epilobium angustifolium;0;0;0;2116;0;1623;0;0;0;0;0;0
Epilobium tetragonum subsp. tetragonum;0;0;0;0;0;0;0;0;0;0;0;0
Epipactis atrorubens;0;0;0;0;0;0;0;0;0;0;0;0
Equisetum variegatum;0;0;0;0;0;0;0;0;0;0;0;0
Erigeron alpinus;0;0;0;0;0;0;0;0;0;0;0;0
Erigeron nanus;0;0;0;0;0;0;0;0;0;0;0;0
Erigeron uniflorus;0;2152;0;2122;0;2500;0;2251;0;2096;0;0
Euphrasia minima;0;0;0;0;0;0;0;0;0;0;0;1894
Euphrasia minima subsp. tatrae;0;0;0;0;0;0;0;0;0;0;0;0
Euphrasia salisburgensis;0;2152;0;0;0;0;0;0;0;0;0;1825
Euphrasia stricta;0;0;0;0;0;0;0;0;0;0;0;0
Fagus sylvatica;0;0;0;0;0;0;0;0;0;0;0;0
Festuca airoides;0;2152;0;2122;0;2500;0;2410;0;0;0;1894
Festuca amethystina;0;0;0;0;0;0;0;0;0;0;0;0
Festuca carpatica;0;0;0;0;0;0;0;0;0;0;0;1894
Festuca picta;0;0;0;0;0;1725;0;2188;0;0;0;1894
Festuca psammophila;0;0;0;0;0;0;0;0;0;0;0;1825
Festuca rubra;0;0;0;0;0;0;0;0;0;0;0;0
Festuca versicolor;0;2152;0;2122;0;0;0;0;0;2096;0;0
Fragaria vesca;0;0;0;0;0;0;0;0;0;0;0;0
Fraxinus excelsior;0;0;0;0;0;0;0;0;0;0;0;0
Galium anisophyllum;0;2152;0;0;0;0;0;0;0;2096;0;1894
Galium sudeticum;0;0;0;2122;0;0;0;0;0;0;0;0
Galium sylvaticum;0;0;0;0;0;0;0;0;0;0;0;0
Gentiana asclepiadea;0;0;0;0;0;0;0;0;0;0;0;0
Gentiana clusii;0;0;0;0;0;0;0;0;0;0;0;1825
Gentiana frigida;0;0;0;0;0;2500;0;2410;0;0;0;0
Gentiana nivalis;0;2152;0;0;0;0;0;0;0;0;0;1894
Gentiana punctata;0;0;0;0;0;1840;0;2188;0;0;0;0
Gentiana verna;0;0;0;2122;0;0;0;0;0;2096;0;0
Gentianella amarella;0;0;0;0;0;0;0;0;0;0;0;0
Gentianella ciliata;0;0;0;0;0;0;0;0;0;0;0;0
Gentianella germanica;0;0;0;0;0;0;0;0;0;0;0;0
Gentianella lutescens;0;0;0;0;0;0;0;0;0;0;0;0
Gentianella tenella;0;0;0;0;0;0;0;0;0;0;0;0
Geranium robertianum;0;0;0;0;0;0;0;0;0;0;1700;0
Geranium sylvaticum;2152;2152;0;2122;0;1725;0;0;0;2096;0;1825
Geum montanum;0;0;0;2122;0;2500;0;2410;0;2096;0;1825
Geum reptans;0;0;0;0;0;2500;0;2410;0;0;0;0
Geum rivale;0;0;0;0;0;0;0;0;0;0;0;0
Gymnadenia conopsea;0;0;0;0;0;0;0;0;0;2096;0;1825
Gymnadenia odoratissima;0;0;0;0;0;0;0;0;0;0;0;0
Gymnocarpium robertianum;0;0;0;0;0;0;0;0;0;0;1700;0
Gypsophila repens;0;0;0;0;0;0;0;0;0;0;0;0
Hedysarum hedysaroides;2152;2152;0;2122;0;0;0;0;0;2096;0;1894
Helianthemum nummularium;2152;0;0;2112;0;0;0;0;0;0;0;1894
Heracleum sphondylium;0;0;0;0;0;0;0;0;2060;0;0;1825
Heracleum sphondylium subsp. sibiricum;0;0;0;0;0;0;0;0;0;0;0;0
Hieracium acuminatum;0;0;0;0;0;0;0;0;0;0;0;0
Hieracium alpicola;0;0;0;0;0;0;0;0;0;0;0;1894
Hieracium alpinum;0;0;0;2116;0;2500;0;0;0;0;0;1894
Hieracium atratum;0;0;0;0;0;0;0;0;0;0;0;0
Hieracium aurantiacum;0;0;0;0;0;0;0;0;0;0;0;0
Hieracium bifidum;0;0;0;0;0;0;0;0;0;0;0;1894
Hieracium bupleuroides;0;0;0;0;0;0;0;0;0;0;0;0
Hieracium caesium;0;0;0;0;0;0;0;0;0;0;0;0
Hieracium caespitosum;0;0;0;0;0;0;0;0;0;0;0;0
Hieracium fritzei;0;0;0;0;0;0;0;0;0;0;0;0
Hieracium lactucella;0;0;0;0;0;0;0;0;0;0;0;0
Hieracium murorum;0;0;0;0;0;0;0;0;0;0;0;0
Hieracium nigrescens;0;0;0;0;0;0;0;0;0;0;0;0
Hieracium pilosella;0;0;0;0;0;0;0;0;0;0;0;0
Hieracium piloselloides;0;0;0;0;0;0;0;0;0;0;0;0
Hieracium prenanthoides;0;0;0;0;0;0;0;0;0;0;0;0
Hieracium villosum;0;0;0;0;0;0;0;0;0;0;0;1825
Hieracium x brachiatum;0;0;0;0;0;0;0;0;0;0;0;0
Homogyne alpina;0;0;0;2122;0;2500;0;2410;0;2096;0;1894
Huperzia selago;0;2152;0;0;0;1990;0;2251;0;0;0;1894
Hypericum maculatum;2152;2152;0;0;0;0;0;0;0;0;0;1825
Hypericum tetrapterum;0;0;0;0;0;0;0;0;0;0;0;0
Hypochoeris uniflora;0;0;0;0;0;0;0;0;0;0;0;0
Jovibarba globifera subsp. globifera;0;0;0;0;0;0;0;0;0;0;0;0
Juncus trifidus;0;0;0;2116;0;2500;0;2410;0;0;0;1825
Juniperus communis;0;0;0;0;0;0;0;0;0;0;0;0
Kernera saxatilis;0;0;0;0;0;0;0;0;0;2096;0;0
Knautia kitaibelii                             ;0;0;0;0;0;0;0;0;0;0;0;0
Larix decidua;0;0;0;0;0;0;0;0;0;0;0;0
Laserpitium latifolium;0;0;0;0;0;0;0;0;0;0;0;0
Leontodon incanus;0;0;0;0;0;0;0;0;0;0;0;0
Leontodon montanus subsp. pseudotaraxaci;0;2152;0;2122;0;0;0;2233;0;2096;0;1825
Leontopodium alpinum;0;2152;0;0;0;0;0;0;0;0;0;1825
Leucanthemopsis alpina;0;0;0;2122;0;2500;0;2410;0;0;0;0
Leucanthemum vulgare;0;0;0;0;0;0;0;0;0;0;0;1894
Leucanthemum waldstenii;0;0;0;0;0;0;0;0;0;0;0;0
Ligusticum mutellina;0;0;0;2122;0;2155;0;2410;0;2096;0;1825
Ligusticum mutellinoides;0;2152;0;2122;0;2500;0;2410;0;2096;0;0
Lilium martagon;0;0;0;0;0;0;0;0;0;0;0;0
Linum catharticum;0;0;0;0;0;0;0;0;0;0;0;0
Linum perenne subsp. extraaxillare;2152;2152;0;0;0;0;0;0;0;0;0;0
Listera ovata;0;0;0;0;0;0;0;0;0;0;0;0
Lloydia serotina;0;2152;0;2122;0;2500;0;2410;0;2096;0;0
Lotus corniculatus;2020;0;0;0;0;0;0;0;0;0;0;0
Luzula alpinopilosa;0;0;0;2116;0;2500;0;2410;0;2096;0;0
Luzula luzulina;0;0;0;0;0;0;0;0;0;0;0;0
Luzula luzuloides;0;0;0;0;0;1800;0;0;0;0;0;1825
Luzula multiflora;0;0;0;0;0;0;0;0;0;0;0;0
Luzula spicata;0;0;0;0;0;0;0;2410;0;0;0;0
Luzula sudetica;0;0;0;0;0;0;0;0;0;0;0;0
Luzula sylvatica;0;0;0;0;0;0;0;0;0;0;0;0
Lycopodium annotinum;0;0;0;0;0;0;0;0;0;2096;0;0
Maianthemum bifolium;0;0;0;0;0;0;0;0;0;0;0;0
Melampyrum pratense;0;0;0;0;0;0;0;0;0;0;0;0
Melampyrum sylvaticum;0;0;0;0;0;0;0;0;0;0;0;0
Mercurialis perennis;0;0;0;0;0;0;0;0;0;0;0;0
Microstylis monophyllos;0;0;0;0;0;0;0;0;0;0;0;0
Minuartia laricifolia subsp. kitaibelii;0;0;0;0;0;0;0;0;0;0;0;0
Minuartia sedoides;0;2152;0;2122;0;2500;0;2410;0;2096;0;1894
Minuartia verna;0;0;0;0;0;0;0;2410;0;0;0;1894
Moehringia muscosa;0;0;0;0;0;0;0;0;0;0;0;0
Moehringia trinervia;0;0;0;0;0;0;0;0;0;0;0;0
Moneses uniflora;0;0;0;0;0;0;0;0;0;0;0;0
Mycelis muralis;0;0;0;0;0;0;0;0;0;0;0;0
Myosotis alpestris;0;2152;0;2122;0;2128;0;2410;0;2096;0;1894
Myosotis sylvatica;0;0;0;0;0;0;0;0;0;0;0;0
Nardus stricta ;0;0;0;0;0;0;0;2218;0;0;0;0
Omalotheca hoppeana;0;0;0;0;0;0;0;0;0;0;0;0
Omalotheca supina;0;0;0;0;0;2500;0;2410;0;2096;0;0
Omalotheca sylvatica;0;0;0;0;0;0;0;0;0;0;0;0
Oreochloa disticha;0;2152;0;2122;0;2500;0;2410;0;2096;0;0
Orthilia secunda;0;0;0;0;0;0;0;0;0;0;0;1825
Oxalis acetosella;0;0;0;0;0;0;0;0;0;0;0;0
Oxyria digyna;0;0;0;0;0;2335;0;2410;0;0;0;0
Oxytropis campestris;2110;0;0;0;0;0;0;0;0;0;1857;0
Oxytropis carpatica;0;0;0;0;0;0;0;0;0;0;0;1894
Oxytropis halleri;2110;0;0;0;0;0;0;0;0;0;0;0
Oxytropis pilosa;0;0;0;0;0;0;0;0;0;0;0;0
Papaver burseri;0;0;2122;2122;2360;0;0;0;0;0;1894;0
Paris quadrifolia;0;0;0;0;0;0;0;0;0;0;0;0
Parnassia palustris;2152;2152;0;0;0;0;2410;0;0;2096;0;1894
Pedicularis hacquetii;0;0;0;0;0;0;0;0;0;0;0;0
Pedicularis oederi;0;2152;0;2122;0;2500;0;2410;0;2096;0;1825
Pedicularis verticillata;0;2152;0;2122;0;2500;0;2410;0;2096;0;1894
Phegopteris connectilis;0;0;0;0;0;0;0;0;0;0;0;0
Phleum alpinum subsp. alpinum;0;0;0;2116;0;1725;0;0;0;0;0;0
Phleum hirsutum;0;0;0;0;0;0;0;0;0;0;0;0
Phyteuma orbiculare;0;2152;0;2122;0;0;0;0;0;2096;0;1894
Phyteuma spicatum;0;0;0;0;0;0;0;0;0;0;0;0
Picea abies;0;0;0;0;0;0;0;0;0;0;0;1825
Pimpinella major;2020;0;0;0;0;0;0;0;0;0;0;0
Pimpinella saxifraga;0;0;0;0;0;0;0;0;0;0;0;0
Pinguicula alpina;0;2152;0;0;0;0;0;0;0;2096;0;1825
Pinus cembra;0;0;0;0;0;0;0;0;0;0;0;0
Pinus mugo;0;0;0;0;0;1725;0;0;0;2096;0;1894
Pinus sylvestris;0;0;0;0;0;0;0;0;0;0;0;0
Plantago atrata;0;0;0;2116;0;0;0;0;0;2096;0;0
Plantago major;0;0;0;0;0;0;0;0;0;2096;0;1894
Plantanthera bifolia;0;0;0;0;0;0;0;0;0;0;0;0
Poa alpina;0;2152;0;2122;0;2500;0;2410;0;2096;0;1894
Poa annua;0;0;0;0;0;0;0;0;0;0;0;1894
Poa granitica;0;0;0;0;0;0;0;0;0;0;0;0
Poa chaixii;0;0;0;0;0;0;0;0;0;0;0;0
Poa laxa;0;0;0;0;0;2500;0;2410;0;0;0;0
Poa nemoralis;0;0;0;0;0;0;0;0;0;0;0;0
Polygala amara subsp. brachyptera;2152;2152;0;2122;0;0;0;0;0;0;0;0
Polygala vulgaris;0;0;0;0;0;0;0;0;0;0;0;1825
Polygonum bistorta;0;0;0;0;0;0;0;0;0;0;0;0
Polygonum viviparum;0;2152;0;2122;2490;2500;0;2410;0;0;0;1894
Polystichum lonchitis;0;0;0;2122;0;0;0;0;0;2096;0;0
Potentilla aurea;0;0;0;2122;0;2500;0;2251;0;2096;0;1825
Potentilla crantzii;0;2152;0;2122;0;0;0;2251;0;2096;0;1825
Potentilla erecta;0;0;0;0;0;0;0;0;0;0;0;0
Potentilla pusilla;0;0;0;0;0;0;0;0;0;0;0;0
Potentilla tabernaemontani;0;0;0;2107;0;0;0;0;0;0;0;0
Prenanthes purpurea;0;0;0;0;0;0;0;0;0;0;0;0
Primula auricula;0;2152;0;0;0;0;0;0;0;0;0;1825
Primula elatior;0;0;0;2122;0;0;0;0;0;2096;0;0
Primula minima;0;2152;0;0;0;2500;0;2410;0;2096;0;1825
Pritzelago alpina;0;0;0;2122;0;0;2300;2286;0;0;0;0
Prunella vulgaris;0;0;0;0;0;0;0;0;0;0;0;1825
Pulmonaria obscura;0;0;0;0;0;0;0;0;0;0;0;0
Pulsatilla alba;0;2152;0;2122;0;0;0;2410;0;2096;0;0
Pulsatilla vernalis;0;0;0;0;0;0;2170;0;0;0;0;0
Pyrola carpatica;0;2152;0;0;0;0;0;0;0;0;0;0
Pyrola minor;0;0;0;0;0;0;0;0;0;0;0;0
Pyrola rotundifolia;0;0;0;0;0;0;0;0;0;2096;0;0
Ranunculus acris;0;0;0;0;0;0;0;0;0;0;0;0
Ranunculus alpestris;0;2152;0;2122;2480;2190;0;2410;0;2096;0;1825
Ranunculus glacialis;0;0;0;0;0;2500;0;2410;0;0;0;0
Ranunculus oreophilus;2152;2152;2120;0;0;0;0;0;0;0;0;0
Ranunculus platanifolius;0;0;0;0;0;1800;0;0;0;0;0;0
Ranunculus pseudomontanus;0;0;0;2122;0;2500;0;2410;0;2096;0;1894
Ranunculus repens;0;0;0;0;0;0;0;0;0;0;0;0
Ranunculus thora;2152;2152;0;2122;0;0;0;0;0;0;0;0
Rhodiola rosea;0;2152;0;2122;0;1725;0;0;0;2096;0;1894
Ribes alpinum;0;0;0;0;0;0;0;0;0;0;0;0
Ribes petraeum;0;0;0;0;0;0;0;0;0;0;1850;0
Rosa pendulina;0;0;0;0;0;0;0;0;0;0;0;0
Rubus caesius;0;0;0;0;0;0;0;0;0;0;0;0
Rubus idaeus;0;0;0;0;0;0;0;0;0;0;0;1894
Rumex acetosa;0;0;0;0;0;0;0;0;0;0;0;0
Rumex alpestris;0;0;0;2122;0;0;0;0;0;0;0;0
Rumex alpinus;0;0;0;0;0;1740;0;0;0;2096;0;0
Sagina procumbens;0;0;0;0;0;0;0;0;0;0;0;0
Sagina saginoides;0;0;0;0;0;0;0;0;0;2096;0;0
Salix alpina;2150;2152;0;2122;0;0;0;0;0;0;0;1894
Salix herbacea;0;0;0;0;0;2500;0;2410;0;0;0;1894
Salix myrsinifolia;0;0;0;0;0;0;0;0;0;0;0;0
Salix reticulata;0;0;0;2122;0;0;2330;2251;0;2096;0;1894
Salix retusa;2152;2152;0;2122;0;2500;2290;2233;0;2096;0;0
Salix silesiaca;0;2152;0;0;0;1623;0;0;0;0;0;1894
Saussurea alpina;0;0;0;0;0;0;0;0;0;0;0;0
Saussurea pygmaea;0;0;0;0;0;0;0;0;0;0;0;0
Saxifraga adscendens;0;0;0;0;0;0;0;0;0;0;0;1894
Saxifraga aizoides;0;2152;0;2122;0;0;2410;0;0;2096;0;1894
Saxifraga androsacea;0;0;0;0;0;2500;0;2410;0;0;0;0
Saxifraga bryoides;0;0;0;0;0;2500;0;2410;0;0;0;1894
Saxifraga caesia;2152;2152;0;0;0;0;0;0;0;0;0;1894
Saxifraga carpatica;0;0;0;0;0;2500;0;2410;0;0;0;0
Saxifraga cernua;0;0;0;0;0;0;0;0;0;0;0;0
Saxifraga exarata subsp. moschata;2152;2152;0;2122;0;2500;0;2410;0;2096;0;1894
Saxifraga hieracifolia;0;0;0;0;2499;2190;0;2410;0;0;0;0
Saxifraga oppositifolia;0;2152;0;2122;0;2500;0;2410;0;2096;0;1894
Saxifraga paniculata;0;0;0;2112;0;0;0;0;0;2096;0;1894
Saxifraga retusa;0;0;0;0;0;2500;0;2410;0;0;0;0
Saxifraga rosacea;0;0;0;0;0;0;0;0;0;0;0;0
Saxifraga wahlenbergii;0;0;0;2122;0;2500;0;2410;0;2096;0;0
Scabiosa lucida;0;2152;0;0;0;0;0;0;0;0;0;1894
Scrophularia scopolii;0;0;0;0;0;0;0;0;0;0;0;0
Sedum alpestre;0;0;0;0;0;2500;0;2410;0;0;0;1894
Sedum atratum;2152;2152;0;2122;0;0;0;0;0;2096;0;1894
Sedum telephium subsp. fabaria;0;0;0;0;0;0;0;0;0;0;0;0
Selaginella selaginoides;2152;0;0;2122;0;0;0;0;0;2096;0;1894
Sempervivum montanum;0;2152;0;0;0;0;0;0;0;0;0;0
Senecio abrotanifolius subsp. carpathicus;0;0;0;0;0;0;0;0;0;0;0;0
Senecio incanus subsp. carniolicus;0;0;0;0;0;2500;0;2410;0;0;0;0
Senecio integrifolius subsp. capitatus;0;2152;0;2116;0;0;0;0;0;0;0;1825
Senecio nemorensis;0;0;0;0;0;1740;0;0;0;0;0;0
Senecio rivularis;0;0;0;0;0;0;0;0;0;0;0;0
Senecio subalpinus;0;0;0;0;0;0;0;0;0;2096;0;0
Seseli libanotis;0;0;0;0;0;0;0;0;0;0;0;0
Sesleria bielzii;0;2152;0;2122;0;0;0;0;0;2096;0;0
Sesleria sadlerana subsp. tatrae;0;0;0;0;0;0;0;0;0;0;0;1894
Sesleria varia;0;0;0;2122;0;0;0;0;0;0;0;0
Sibbaldia procumbens;0;0;2100;0;0;0;0;0;2089;0;0;0
Silene acaulis;2150;2152;0;2122;0;2500;2410;2410;0;2096;0;1894
Silene dioica;0;0;2079;0;0;0;0;0;0;0;0;0
Silene nutans;0;0;0;0;0;0;0;0;0;0;0;0
Silene pusilla;0;0;0;0;0;0;0;0;0;0;0;0
Silene vulgaris;0;0;0;0;0;0;0;0;1950;0;0;0
Soldanella carpatica;0;2152;0;2116;0;2053;0;2410;0;2096;0;1894
Solidago virgaurea;0;2152;0;0;0;0;0;0;0;0;0;0
Solidago virgaurea subsp. minuta;0;0;0;0;0;1765;0;2188;0;0;0;1825
Sorbus aria;0;0;0;0;0;0;0;0;0;0;0;0
Sorbus aucuparia subsp. glabrata;0;0;0;0;0;0;0;0;0;0;0;0
Stellaria nemorum;0;0;2110;2116;0;1740;0;0;0;2096;0;0
Swertia perennis;0;0;0;2122;0;0;0;0;0;2096;0;1894
Taraxacum officinale;0;0;0;0;0;0;0;0;0;0;0;1894
Taraxacum Sect. Alpina;0;2152;0;2122;0;2500;0;2410;0;2096;0;0
Taraxacum Sect. Erythrosperma;0;0;0;0;0;0;0;0;0;0;0;0
Thalictrum aquilegiifolium;0;0;0;0;0;0;0;0;0;0;0;0
Thalictrum minus;2020;0;0;0;0;0;0;0;1950;0;0;0
Thesium alpinum;0;0;0;0;0;0;0;0;0;0;0;1825
Thymus alpestris;0;0;0;0;0;0;0;2410;0;0;0;0
Thymus pulcherrimus;0;2152;0;2122;0;0;0;0;0;2096;0;1894
Thymus pulegioides;0;0;0;0;0;0;0;0;0;0;0;1894
Tofieldia calyculata;0;0;0;0;0;0;0;0;0;0;0;1894
Traunsteinera globosa;0;0;0;0;0;0;0;0;0;0;0;1825
Trifolium badium;0;0;0;0;0;0;0;0;0;0;0;1825
Trifolium pratense ;0;0;0;0;0;0;0;0;2060;0;0;0
Trifolium repens;2000;0;0;0;0;0;0;0;0;0;0;0
Trisetum alpestre;0;2152;0;0;0;0;0;0;0;0;0;0
Trisetum fuscum;0;0;0;0;0;0;0;0;0;0;0;0
Trollius europaeus;0;0;0;0;0;0;0;0;0;2096;0;0
Trollius europaeus subsp. transsilvanicus;2135;0;0;2116;0;0;0;0;0;0;0;0
Tussilago farfara;0;0;0;0;0;0;0;0;0;0;0;1825
Urtica dioica;0;0;0;0;0;0;0;0;0;0;0;1825
Vaccinium myrtillus;0;0;0;2116;0;2500;0;2188;0;2096;0;1825
Vaccinium uliginosum;0;0;0;0;0;0;0;0;0;0;0;0
Vaccinium vitis-idaea;0;2152;0;2116;0;2500;0;2188;0;2096;0;1825
Vaccinum uliginosum subsp. microphyllum;0;2152;0;0;0;2053;0;0;0;0;0;0
Valeriana officinalis subsp. sambucifolia;0;0;0;0;0;0;0;0;0;0;0;0
Valeriana tripteris;0;0;0;0;0;1725;0;0;0;0;0;0
Veratrum lobelianum;0;0;0;0;0;1840;0;1920;0;0;0;0
Veronica alpina;0;0;0;2122;0;2190;0;2410;0;0;0;0
Veronica aphylla;0;2152;0;2122;0;0;0;0;0;2096;0;1894
Veronica chamaedrys;0;0;0;0;0;0;0;0;0;0;0;0
Veronica fruticans;0;0;0;0;0;0;0;0;2085;0;0;0
Veronica serpyllifolia;0;0;0;0;0;0;0;0;0;0;0;0
Viola alpina;0;0;2122;2122;0;0;0;0;0;2096;0;0
Viola biflora;0;0;0;2122;0;1765;2390;1989;0;2096;0;1825
Viola lutea;0;0;0;0;0;0;0;0;0;0;0;0
Viola palustris;0;0;0;0;0;0;0;0;0;0;0;0
Viola tricolor subsp. subalpina;0;0;0;0;0;0;0;0;0;0;0;0
